{
  "risk_managed_strategy_20250106_212110": {
    "total_return": -0.02310792350407398,
    "sharpe_ratio": -0.054442341142274996,
    "max_drawdown": -0.11749309618361314,
    "win_rate": 0.2080536912751678,
    "risk_metrics": {
      "kelly_fraction": 0.0,
      "avg_position_size": 0.038666666666666655,
      "stop_loss": 0.014491719322324724,
      "take_profit": 0.02898343864464945,
      "risk_ratio": 2.0,
      "volatility_factor": 0.6885283339827558
    }
  }
}