{
    "sharpe_ratio": 1.0709556280617472,
    "sortino_ratio": 0.6988277469452886,
    "max_drawdown": -0.07530191573164086,
    "win_rate": 0.18055555555555555,
    "profit_factor": 1.4488449109676191
}