{
  "MACD": {
    "uptrend": {
      "total_return": -0.376236444129215,
      "annualized_return": -0.27874179426791246,
      "volatility": 0.13959169197104984,
      "sharpe_ratio": -1.9968365619188941,
      "max_drawdown": -0.42002707773942605,
      "win_rate": 0.05,
      "num_trades": 