{
    "sharpe_ratio": -0.017295342634320175,
    "sortino_ratio": -0.02350578293482967,
    "max_drawdown": -0.20709473666494954,
    "win_rate": 0.26174496644295303,
    "profit_factor": 0.9961242203920136,
    "total_return": -0.0320290441663722,
    "volatility": 0.3172186678453416,
    "trades": 110
}