strategy,scenario,total_return,annualized_return,volatility,sharpe_ratio,max_drawdown,win_rate,num_trades,execution_time,memory_usage
MACD,uptrend,-0.6434813115646831,-0.5103304133111042,0.12089977559864011,-4.221103064783889,-0.6434813115646831,0.1477832512315271,203,0.003879070281982422,92.25
MACD,downtrend,-0.6677566297368498,-0.5336622943062739,0.23504105714110735,-2.2705066969890657,-0.6793104598565057,0.043478260869565216,92,0.0039670467376708984,92.34375
MACD,sideways,-0.9342327134151613,-0.8480505339598762,0.3356250918136153,-2.526779298226097,-0.9342327134151613,0.0859375,128,0.0028519630432128906,92.375
MACD,volatile,0.023759845348395814,0.01638961054780408,0.6153334332082039,0.026635332428391712,-0.5182266365717353,0.2413793103448276,58,0.0028557777404785156,92.375
Bollinger,uptrend,-1.0,-1.0,16.04014513740286,-0.06234357553711731,-1.0004614024294192,0.2108843537414966,147,0.0029571056365966797,92.390625
Bollinger,downtrend,-1.000000002511779,-1.0,27.09982589257024,-0.036900606076371974,-1.0214076473028026,0.2585034013605442,147,0.002937793731689453,92.421875
Bollinger,sideways,0.13785676259585333,0.09352791373479374,1.7980075187261337,0.052017532051844326,-0.8430473368676511,0.47244094488188976,127,0.002990245819091797,92.4375
Bollinger,volatile,-1.0,-1.0,13.809103766396458,-0.0724159957747174,-1.115811682815353,0.5,204,0.0029458999633789062,92.4375
